{"cameraMode":{"drawMode":0,"name":"Shaded","section":"Shading Mode"},"sceneLighting":true,"audioPlay":false,"sceneViewState":{"showFog":true,"showMaterialUpdate":false,"showSkybox":true,"showFlares":true,"showImageEffects":true,"showParticleSystems":true,"showVisualEffectGraphs":true,"m_FxEnabled":true},"in2DMode":false,"pivot":{"x":510.7046813964844,"y":-0.7286739349365234,"z":495.86724853515627},"rotation":{"x":0.054024189710617068,"y":-0.9658724069595337,"z":0.1819898933172226,"w":0.18660810589790345},"size":6.754809379577637,"orthographic":false}